1603871654.6866806,20,-55,87,82,85,72.94117647058825,-5.824942124530689
1603871654.6866806,25,-233,91,87,83,74.6987951807229,-23.372910562377935
1603871654.6866806,21,-141,90,86,84,73.80952380952382,-14.656418438272837
1603871654.6866806,19,30,85,83,85,72.94117647058825,3.1849483278557194
1603871655.1443298,20,-56,87,83,85,72.94117647058825,-5.93010210572097
1603871655.1443298,25,-233,91,87,83,74.6987951807229,-23.372910562377935
1603871655.1443298,21,-141,90,86,84,73.80952380952382,-14.656418438272837
1603871655.1443298,19,30,85,83,85,72.94117647058825,3.1849483278557194
1603871655.5555747,20,-55,87,82,85,72.94117647058825,-5.824942124530689
1603871655.5555747,25,-233,91,87,83,74.6987951807229,-23.372910562377935
1603871655.5555747,21,-141,90,86,84,73.80952380952382,-14.656418438272837
1603871655.5555747,19,30,85,83,85,72.94117647058825,3.1849483278557194
1603871655.9493833,20,-55,87,82,85,72.94117647058825,-5.824942124530689
1603871655.9493833,25,-233,91,87,83,74.6987951807229,-23.372910562377935
1603871655.9493833,19,30,85,83,84,73.80952380952382,3.1849483278557194
1603871656.485565,20,-56,87,83,85,72.94117647058825,-5.93010210572097
1603871656.485565,25,-233,91,88,83,74.6987951807229,-23.372910562377935
1603871656.485565,21,-141,90,86,84,73.80952380952382,-14.656418438272837
1603871656.485565,19,30,85,83,85,72.94117647058825,3.1849483278557194
1603871656.9102428,20,-56,87,83,85,72.94117647058825,-5.93010210572097
1603871656.9102428,25,-233,91,87,84,73.80952380952382,-23.372910562377935
1603871656.9102428,19,30,85,83,85,72.94117647058825,3.1849483278557194
1603871657.4566207,20,-56,87,83,85,72.94117647058825,-5.93010210572097
1603871657.4566207,25,-233,92,88,84,73.80952380952382,-23.372910562377935
1603871657.4566207,21,-141,90,86,84,73.80952380952382,-14.656418438272837
1603871657.4566207,19,30,85,83,85,72.94117647058825,3.1849483278557194
1603871657.8829381,20,-56,87,83,85,72.94117647058825,-5.93010210572097
1603871657.8829381,25,-233,91,87,83,74.6987951807229,-23.372910562377935
1603871657.8829381,21,-141,90,87,84,73.80952380952382,-14.656418438272837
1603871657.8829381,19,30,85,83,84,73.80952380952382,3.1849483278557194
1603871658.30099,20,-56,87,83,85,72.94117647058825,-5.93010210572097
1603871658.30099,25,-233,91,88,83,74.6987951807229,-23.372910562377935
1603871658.30099,21,-141,90,86,84,73.80952380952382,-14.656418438272837
1603871658.30099,19,30,85,83,85,72.94117647058825,3.1849483278557194
1603871658.68811,20,-56,87,83,85,72.94117647058825,-5.93010210572097
1603871658.68811,25,-233,92,88,84,73.80952380952382,-23.372910562377935
1603871658.68811,21,-141,90,87,84,73.80952380952382,-14.656418438272837
1603871658.68811,19,30,85,83,85,72.94117647058825,3.1849483278557194
1603871659.0957544,20,-56,87,83,85,72.94117647058825,-5.93010210572097
1603871659.0957544,25,-233,92,88,84,73.80952380952382,-23.372910562377935
1603871659.0957544,21,-141,90,86,84,73.80952380952382,-14.656418438272837
1603871659.0957544,19,30,85,83,85,72.94117647058825,3.1849483278557194
1603871659.5258687,20,-56,87,83,85,72.94117647058825,-5.93010210572097
1603871659.5258687,25,-233,92,88,84,73.80952380952382,-23.372910562377935
1603871659.5258687,21,-141,90,87,84,73.80952380952382,-14.656418438272837
1603871659.5258687,19,30,85,83,85,72.94117647058825,3.1849483278557194
1603871659.924988,25,-252,91,90,86,72.09302325581396,-25.052296829400955
1603871659.924988,21,-158,89,90,87,71.26436781609196,-16.333988693792744
1603871659.924988,20,-71,87,85,87,71.26436781609196,-7.502311953416964
1603871659.924988,19,18,85,84,86,72.09302325581396,1.9122294268504203
1603871660.3721192,21,-171,91,93,90,68.8888888888889,-17.597851763104355
1603871660.3721192,19,10,86,87,88,70.45454545454547,1.0626224461126088
1603871660.3721192,25,-269,93,94,88,70.45454545454547,-26.516976503255172
1603871660.3721192,20,-80,88,88,90,68.8888888888889,-8.440365275506633
1603871660.7359831,20,-56,88,88,91,68.13186813186815,-5.93010210572097
1603871660.7359831,25,-245,93,92,89,69.66292134831461,-24.438732622188876
1603871660.7359831,21,-148,92,91,90,68.8888888888889,-15.350473498668093
1603871660.7359831,19,36,87,90,90,68.8888888888889,3.8202083666617566
1603871661.1577435,25,-218,94,91,90,68.8888888888889,-22.01618412969245
1603871661.1577435,21,-121,92,91,92,67.3913043478261,-12.649593914834636
1603871661.1577435,20,-29,89,89,92,67.3913043478261,-3.078991167182793
1603871661.1577435,19,65,86,95,93,66.66666666666667,6.874656524321
1603871661.5220842,20,-49,90,93,96,64.58333333333334,-5.1931790634241475
1603871661.5220842,25,-245,94,96,93,66.66666666666667,-24.438732622188876
1603871661.5220842,21,-144,92,97,95,65.26315789473685,-14.95442198679177
1603871661.5220842,19,48,87,94,95,65.26315789473685,5.0877578101051295
1603871661.875347,21,-160,94,100,98,63.26530612244899,-16.52952974363854
1603871661.875347,25,-266,95,100,97,63.917525773195884,-26.26113696159187
1603871661.875347,20,-61,90,96,99,62.62626262626264,-6.455287136785497
1603871661.875347,19,38,88,97,98,63.26530612244899,4.031760588950713
1603871662.3139663,21,-170,95,105,103,60.194174757281566,-17.501239896274914
1603871662.3139663,20,-66,92,101,104,59.61538461538463,-6.979385101571969
1603871662.3139663,19,39,89,102,102,60.78431372549021,4.13749578470897
1603871662.6500063,21,-178,96,110,107,57.94392523364487,-18.27122325552057
1603871662.6500063,20,-71,93,104,108,57.40740740740742,-7.502311953416964
1603871662.6500063,19,38,90,106,107,57.94392523364487,4.031760588950713
1603871662.9897175,21,-188,96,115,111,55.855855855855864,-19.224157790184744
1603871662.9897175,19,37,90,109,111,55.855855855855864,3.9259978795075465
1603871662.9897175,20,-76,93,109,112,55.35714285714287,-8.023984801010398
1603871663.3322122,19,42,91,114,115,53.913043478260875,4.454529204005441
1603871663.3322122,20,-76,94,113,117,52.991452991453,-8.023984801010398
1603871663.6402345,21,-174,97,119,117,52.991452991453,-17.887066461315495
1603871663.6402345,20,-57,94,115,119,52.10084033613446,-6.03522200610085
1603871663.6402345,19,63,91,119,117,52.991452991453,6.665061502275082
1603871663.905343,20,-67,95,118,121,51.23966942148761,-7.084066830606971
1603871663.905343,21,-187,98,123,119,52.10084033613446,-19.12935054867832
1603871663.905343,19,56,92,120,120,51.66666666666667,5.93010210572097
1603871664.188,21,-212,99,129,124,50.00000000000001,-21.466032736430833
1603871664.188,19,40,92,122,123,50.40650406504066,4.243202757619135
1603871664.188,20,-87,96,123,126,49.206349206349216,-9.16685046013392
1603871664.4749184,21,-222,100,133,128,48.43750000000001,-22.380599847244042
1603871664.4749184,20,-93,97,127,130,47.6923076923077,-9.787203664656111
1603871664.4749184,19,39,93,126,127,48.81889763779528,4.13749578470897
1603871664.7360327,21,-232,101,139,134,46.268656716417915,-23.283301354636382
1603871664.7360327,20,-97,97,132,135,45.92592592592593,-10.199498041433117
1603871664.7360327,19,39,93,131,132,46.969696969696976,4.13749578470897
1603871664.9893517,21,-220,101,139,136,45.58823529411765,-22.198628437866404
1603871664.9893517,20,-83,97,134,137,45.25547445255475,-8.752064820144541
1603871664.9893517,19,55,93,137,135,45.92592592592593,5.824942124530689
1603871665.248445,21,-213,101,141,138,44.92753623188406,-21.558016806404698
1603871665.248445,19,68,93,141,139,44.6043165467626,7.188701044455634
1603871665.248445,20,-75,97,137,140,44.28571428571429,-7.9197544899131636
1603871665.50032,21,-223,101,147,143,43.35664335664336,-22.47140764411092
1603871665.50032,20,-79,98,142,146,42.46575342465754,-8.336352562554062
1603871665.50032,19,69,94,146,144,43.055555555555564,7.293287078020637
1603871665.7340858,21,-233,102,153,148,41.891891891891895,-23.372910562377935
1603871665.7340858,20,-84,98,148,151,41.05960264900663,-8.855849682026259
1603871665.7340858,19,70,94,153,150,41.33333333333334,7.397824268101297
1603871665.9554622,21,-242,102,157,153,40.52287581699347,-24.17392734930822
1603871665.9554622,20,-89,98,153,157,39.490445859872615,-9.373883203052992
1603871665.9554622,19,71,94,157,155,40.00000000000001,7.502311953416964
1603871666.2111385,19,73,95,164,162,38.27160493827161,7.711136174370049
1603871666.2111385,20,-94,99,160,162,38.27160493827161,-9.890374977497379
1603871666.4527302,20,-101,99,167,169,36.68639053254439,-10.610727614582158
1603871666.4527302,19,74,95,171,168,36.90476190476191,7.815471397254411
1603871666.689876,20,-106,100,174,176,35.227272727272734,-11.12320925012442
1603871666.689876,19,75,96,177,174,35.63218390804598,7.9197544899131636
1603871666.9117646,20,-120,101,182,182,34.06593406593407,-12.5483759390987
1603871666.9117646,19,69,96,182,181,34.25414364640884,7.293287078020637
1603871667.1312506,19,53,98,185,186,33.333333333333336,5.614504665163061
1603871667.1312506,20,-140,102,190,189,32.80423280423281,-14.556902633910628
1603871667.356008,19,58,98,192,191,32.4607329842932,6.140301141305523
1603871667.356008,20,-142,103,194,195,31.7948717948718,-14.755843914731853
1603871667.573754,20,-121,103,195,198,31.31313131313132,-12.649593914834636
1603871667.573754,19,83,98,201,196,31.632653061224495,8.752064820144541
1603871667.802437,20,-95,103,198,201,30.84577114427861,-9.993481548325647
1603871667.802437,19,113,99,213,204,30.392156862745104,11.837650005357451
1603871668.0236547,20,-71,103,201,205,30.243902439024396,-7.502311953416964
1603871668.0236547,19,143,99,225,211,29.383886255924175,14.855178588237854
1603871668.235456,20,-45,103,205,210,29.52380952380953,-4.771289540584061
1603871668.235456,19,176,100,240,221,28.05429864253394,18.079355067310914
1603871668.4541557,21,-219,107,191,203,30.54187192118227,-22.10746528048097
1603871668.4541557,20,-17,103,210,217,28.571428571428577,-1.806066883527694
1603871668.720085,21,-192,108,190,208,29.807692307692314,-19.602290664374493
1603871668.720085,20,14,105,218,227,27.31277533039648,1.4875077226255586
1603871668.962237,21,-174,110,191,214,28.971962616822434,-17.887066461315495
1603871668.962237,20,40,107,228,237,26.16033755274262,4.243202757619135
1603871669.2058218,21,-157,111,194,221,28.05429864253394,-16.236070980753333
1603871669.2058218,20,66,110,240,250,24.800000000000004,6.979385101571969
1603871669.4478142,21,-133,112,192,228,27.192982456140356,-13.857803363474689
1603871669.4478142,20,97,111,253,262,23.664122137404583,10.199498041433117
1603871669.6703634,21,-106,113,195,235,26.38297872340426,-11.12320925012442
1603871669.6703634,20,134,112,273,272,22.794117647058826,13.957937907080732
1603871669.8910306,21,-84,115,199,241,25.72614107883818,-8.855849682026259
1603871670.1525052,21,-57,117,206,251,24.70119521912351,-6.03522200610085
1603871670.3963048,21,-19,117,211,257,24.124513618677046,-2.018378836856321
1603871673.3264523,13,-264,93,95,84,73.80952380952382,-26.089948061833176
1603871673.6693368,13,-246,94,94,82,75.60975609756099,-24.526755108495042
1603871674.001331,13,-209,92,89,85,72.94117647058825,-21.189383845645846
1603871674.346142,13,-176,93,87,81,76.54320987654322,-18.079355067310914
1603871674.346142,14,-267,95,100,86,72.09302325581396,-26.34654275119931
1603871674.7162333,13,-159,92,87,81,76.54320987654322,-16.431808422216594
1603871674.7162333,14,-250,93,99,87,71.26436781609196,-24.877611194528516
1603871675.0480895,13,-135,92,85,82,75.60975609756099,-14.05798553291573
1603871675.0480895,14,-224,94,97,86,72.09302325581396,-22.562096537309067
1603871675.4294436,14,-192,93,93,86,72.09302325581396,-19.602290664374493
1603871675.778571,13,-74,90,81,81,76.54320987654322,-7.815471397254411
1603871675.778571,14,-160,92,91,85,72.94117647058825,-16.52952974363854
1603871675.778571,15,-255,94,100,88,70.45454545454547,-25.313394061515783
1603871676.1035378,13,-54,90,81,83,74.6987951807229,-5.719742748496919
1603871676.1035378,14,-141,92,91,86,72.09302325581396,-14.656418438272837
1603871676.1035378,15,-235,93,99,89,69.66292134831461,-23.551765868612073
1603871676.5474927,13,-24,90,82,84,73.80952380952382,-2.548903494068427
1603871676.5474927,14,-112,92,89,88,70.45454545454547,-11.735810008694882
1603871676.5474927,15,-205,93,97,89,69.66292134831461,-20.818902834126483
1603871676.8455307,13,-7,90,83,86,72.09302325581396,-0.74387920879624
1603871676.8455307,14,-96,92,89,88,70.45454545454547,-10.096522770898641
1603871676.8455307,15,-188,93,96,90,68.8888888888889,-19.224157790184744
1603871677.2201235,14,-79,91,89,89,69.66292134831461,-8.336352562554062
1603871677.2201235,13,11,89,85,87,71.26436781609196,1.1688565501000576
1603871677.2201235,15,-172,92,96,91,68.13186813186815,-17.694360399947715
1603871677.2201235,1,-272,92,99,92,67.3913043478261,-26.771681119286118
1603871677.6151946,13,8,91,88,89,69.66292134831461,0.8501330454313055
1603871677.6151946,14,-86,93,93,92,67.3913043478261,-9.063243130687955
1603871677.6151946,15,-184,94,101,94,65.95744680851065,-18.84427644904627
1603871678.1204822,14,-71,93,96,96,64.58333333333334,-7.502311953416964
1603871678.1204822,13,26,92,92,93,66.66666666666667,2.7609960568462575
1603871678.1204822,15,-170,94,102,97,63.917525773195884,-17.501239896274914
1603871678.520269,13,50,92,95,95,65.26315789473685,5.298565069899935
1603871678.520269,15,-149,94,102,99,62.62626262626264,-15.449253549730287
1603871678.520269,14,-49,93,96,97,63.917525773195884,-5.1931790634241475
1603871678.520269,1,-255,94,104,98,63.26530612244899,-25.313394061515783
1603871678.9633827,14,-49,94,99,100,62.00000000000001,-5.1931790634241475
1603871678.9633827,1,-261,94,107,101,61.3861386138614,-25.832223007136133
1603871678.9633827,13,53,91,97,101,61.3861386138614,5.614504665163061
1603871678.9633827,15,-152,95,106,102,60.78431372549021,-15.745027649154892
1603871679.315321,14,-66,94,102,103,60.194174757281566,-6.979385101571969
1603871679.315321,15,-173,95,110,105,59.04761904761906,-17.790765425423544
1603871679.752262,15,-150,95,109,106,58.49056603773586,-15.547939558288776
1603871679.752262,1,-263,95,112,106,58.49056603773586,-26.004165161959694
1603871679.752262,14,-41,94,105,106,58.49056603773586,-4.348880799665057
1603871679.752262,13,67,92,105,106,58.49056603773586,7.084066830606971
1603871680.0907128,15,-129,95,109,108,57.40740740740742,-13.456406039455286
1603871680.0907128,1,-241,95,110,108,57.40740740740742,-24.08541352897193
1603871680.0907128,13,94,94,110,108,57.40740740740742,9.890374977497379
1603871680.0907128,14,-18,93,107,109,56.88073394495414,-1.9122294268504203
1603871680.3899086,1,-246,95,113,109,56.88073394495414,-24.526755108495042
1603871680.3899086,14,-18,94,109,110,56.363636363636374,-1.9122294268504203
1603871680.3899086,13,96,94,113,110,56.363636363636374,10.096522770898641
1603871680.6996582,15,-156,95,119,115,53.913043478260875,-16.138055708620733
1603871680.6996582,13,78,94,114,113,54.86725663716815,8.232284483481385
1603871680.6996582,14,-39,95,113,114,54.38596491228071,-4.13749578470897
1603871681.015309,14,-29,94,115,118,52.54237288135594,-3.078991167182793
1603871681.015309,13,91,95,119,116,53.448275862068975,9.58066925009003
1603871681.4212682,14,-26,96,119,120,51.66666666666667,-2.7609960568462575
1603871681.4212682,15,-148,96,122,121,51.23966942148761,-15.350473498668093
1603871681.4212682,13,99,96,122,120,51.66666666666667,10.40524832365576
1603871681.738573,14,-46,96,123,125,49.60000000000001,-4.87681235015335
1603871681.738573,15,-174,97,129,126,49.206349206349216,-17.887066461315495
1603871681.738573,13,82,95,124,124,50.00000000000001,8.648222041878432
1603871682.0157447,13,95,97,129,126,49.206349206349216,9.993481548325647
1603871682.0157447,15,-167,98,131,128,48.43750000000001,-17.210788777144447
1603871682.0157447,14,-36,97,127,128,48.43750000000001,-3.8202083666617566
1603871682.294534,15,-153,98,132,131,47.328244274809165,-15.843428839849183
1603871682.294534,14,-20,97,129,131,47.328244274809165,-2.124514387441452
1603871682.294534,13,115,97,134,131,47.328244274809165,12.041101970999687
1603871682.595072,15,-138,99,132,132,46.969696969696976,-14.357601956885965
1603871682.595072,14,-3,98,132,133,46.61654135338347,-0.3188199986227441
1603871682.595072,13,135,97,141,139,44.6043165467626,14.05798553291573
1603871682.869556,15,-140,99,136,136,45.58823529411765,-14.556902633910628
1603871682.869556,14,-2,98,135,137,45.25547445255475,-0.212547884480388
1603871682.869556,13,141,99,144,140,44.28571428571429,14.656418438272837
1603871683.1289148,15,-159,100,142,140,44.28571428571429,-16.431808422216594
1603871683.1289148,14,-16,99,140,140,44.28571428571429,-1.6998919335324794
1603871683.1289148,13,129,99,147,141,43.971631205673766,13.456406039455286
1603871683.3967493,15,-168,100,147,145,42.75862068965518,-17.307708014004547
1603871683.3967493,14,-20,99,144,145,42.75862068965518,-2.124514387441452
1603871683.3967493,13,129,99,151,147,42.17687074829933,13.456406039455286
1603871683.670902,15,-152,101,147,147,42.17687074829933,-15.745027649154892
1603871683.670902,14,-1,100,147,149,41.61073825503356,-0.1062743078657994
1603871683.670902,13,153,101,159,151,41.05960264900663,15.843428839849183
1603871683.9218857,15,-159,101,151,152,40.789473684210535,-16.431808422216594
1603871683.9218857,14,-4,100,152,153,40.52287581699347,-0.425089919132221
1603871683.9218857,13,156,101,162,155,40.00000000000001,16.138055708620733
1603871684.2064176,15,-187,102,162,157,39.490445859872615,-19.12935054867832
1603871684.2064176,13,138,100,164,162,38.27160493827161,14.357601956885965
1603871684.2064176,14,-26,102,158,158,39.24050632911393,-2.7609960568462575
1603871684.4515674,15,-199,104,168,164,37.804878048780495,-20.25975423688004
1603871684.4515674,13,139,102,169,166,37.34939759036145,14.457296979738553
1603871684.4515674,14,-31,102,164,165,37.57575757575758,-3.2908836860672923
1603871684.6900063,15,-208,105,175,170,36.47058823529412,-21.096936185976894
1603871684.6900063,14,-34,104,171,171,36.257309941520475,-3.6085517773185476
1603871684.6900063,13,144,103,176,172,36.04651162790698,14.95442198679177
1603871684.9204724,14,-31,105,178,178,34.831460674157306,-3.2908836860672923
1603871684.9204724,15,-212,105,180,177,35.02824858757063,-21.466032736430833
1603871684.9204724,13,153,104,187,179,34.63687150837989,15.843428839849183
1603871685.2048504,15,-198,106,182,182,34.06593406593407,-20.16616661121554
1603871685.2048504,13,179,104,197,189,32.80423280423281,18.36699878105277
1603871685.2048504,14,-12,105,184,185,33.513513513513516,-1.2750826169617748
1603871685.445694,15,-208,106,190,189,32.80423280423281,-21.096936185976894
1603871685.445694,13,185,107,204,194,31.958762886597942,18.939409542593506
1603871685.445694,14,-15,107,192,192,32.29166666666667,-1.593705304019792
1603871685.6992338,15,-219,107,200,199,31.155778894472366,-22.10746528048097
1603871685.6992338,14,-16,108,202,202,30.6930693069307,-1.6998919335324794
1603871685.6992338,13,194,108,214,204,30.392156862745104,19.79069493654738
1603871685.9254425,14,-20,109,213,212,29.24528301886793,-2.124514387441452
1603871685.9254425,13,202,109,226,213,29.10798122065728,20.53983965738927
1603871686.1783154,13,209,110,234,227,27.31277533039648,21.189383845645846
1603871686.1783154,14,-23,111,226,225,27.55555555555556,-2.4428306303611227
1603871686.4306238,14,-17,113,238,238,26.05042016806723,-1.806066883527694
1603871686.6875682,14,3,115,248,250,24.800000000000004,0.3188199986227441
1603871686.9549305,14,37,114,260,259,23.938223938223942,3.9259978795075465
1603871686.9549305,0062261000069,-68,112,0,6,1033.3333333333335,-7.188701044455634
1603871687.1731062,15,-192,114,234,253,24.505928853754945,-19.602290664374493
1603871687.4251597,15,-163,115,235,260,23.84615384615385,-16.822099089140682
1603871692.5186632,24,-270,92,103,91,68.13186813186815,-26.602004270640546
1603871692.754631,24,-237,93,99,88,70.45454545454547,-23.73013577082146
1603871692.995016,24,-200,92,95,87,71.26436781609196,-20.35322914806883
1603871693.235557,24,-164,93,91,86,72.09302325581396,-16.91942262152814
1603871693.235557,23,-261,94,105,92,67.3913043478261,-25.832223007136133
1603871693.4663272,24,-149,92,91,87,71.26436781609196,-15.449253549730287
1603871693.4663272,23,-244,94,104,92,67.3913043478261,-24.350587059891964
1603871693.7478015,24,-136,92,91,87,71.26436781609196,-14.157945744790373
1603871693.7478015,23,-231,94,104,93,66.66666666666667,-23.19357136790705
1603871694.09465,24,-118,93,90,88,70.45454545454547,-12.345701541512671
1603871694.09465,23,-214,94,102,93,66.66666666666667,-21.649884338417362
1603871694.3881915,24,-100,92,90,89,69.66292134831461,-10.508022140232413
1603871694.3881915,23,-195,94,102,93,66.66666666666667,-19.884730425939498
1603871694.7008872,24,-80,92,89,89,69.66292134831461,-8.440365275506633
1603871694.7008872,23,-175,94,101,94,65.95744680851065,-17.983263132572862
1603871695.0201883,24,-58,91,88,91,68.13186813186815,-6.140301141305523
1603871695.0201883,23,-153,94,99,94,65.95744680851065,-15.843428839849183
1603871695.0201883,22,-256,95,109,98,63.26530612244899,-25.400177603160106
1603871695.3255112,24,-37,91,88,91,68.13186813186815,-3.9259978795075465
1603871695.3255112,23,-133,93,99,95,65.26315789473685,-13.857803363474689
1603871695.3255112,22,-234,95,108,97,63.917525773195884,-23.462398797339375
1603871695.7220588,24,-14,91,90,93,66.66666666666667,-1.4875077226255586
1603871695.7220588,23,-111,93,99,97,63.917525773195884,-11.633894747793091
1603871695.7220588,22,-213,95,107,99,62.62626262626264,-21.558016806404698
1603871696.0884955,24,-14,93,94,96,64.58333333333334,-1.4875077226255586
1603871696.0884955,22,-220,96,111,101,61.3861386138614,-22.198628437866404
1603871696.0884955,23,-114,95,102,100,62.00000000000001,-11.939414178352928
1603871696.518607,22,-216,97,113,106,58.49056603773586,-21.833268791071543
1603871696.969054,24,31,95,101,102,60.78431372549021,3.2908836860672923
1603871696.969054,23,-75,95,103,105,59.04761904761906,-7.9197544899131636
1603871696.969054,22,-183,98,111,106,58.49056603773586,-18.74903541444329
1603871697.3540943,23,-60,97,106,108,57.40740740740742,-6.350334386893197
1603871697.3540943,22,-170,98,113,109,56.88073394495414,-17.501239896274914
1603871697.7288256,24,29,96,106,109,56.88073394495414,3.078991167182793
1603871697.7288256,23,-83,98,112,112,55.35714285714287,-8.752064820144541
1603871697.7288256,22,-199,99,121,113,54.86725663716815,-20.25975423688004
1603871698.054589,24,38,97,110,112,55.35714285714287,4.031760588950713
1603871698.054589,23,-78,98,113,115,53.913043478260875,-8.232284483481385
1603871698.054589,22,-195,100,122,116,53.448275862068975,-19.884730425939498
1603871698.3734312,22,-176,101,122,118,52.54237288135594,-18.079355067310914
1603871698.3734312,24,60,98,115,114,54.38596491228071,6.350334386893197
1603871698.7516909,23,-33,99,117,119,52.10084033613446,-3.502686126728226
1603871698.7516909,22,-153,101,121,120,51.66666666666667,-15.843428839849183
1603871698.7516909,24,89,98,120,119,52.10084033613446,9.373883203052992
1603871699.1132812,24,78,99,123,123,50.40650406504066,8.232284483481385
1603871699.1132812,22,-173,103,129,124,50.00000000000001,-17.790765425423544
1603871699.48702,22,-196,103,136,130,47.6923076923077,-19.978654404768985
1603871699.48702,23,-65,101,128,129,48.062015503875976,-6.874656524321
1603871699.48702,24,67,100,126,126,49.206349206349216,7.084066830606971
1603871699.8776553,22,-207,103,144,137,45.25547445255475,-21.00437328468872
1603871699.8776553,24,69,100,132,133,46.61654135338347,7.293287078020637
1603871700.2977448,22,-191,104,145,141,43.971631205673766,-19.507922508578496
1603871700.2977448,23,-49,103,139,140,44.28571428571429,-5.1931790634241475
1603871700.2977448,24,96,103,142,142,43.66197183098592,10.096522770898641
1603871700.6208556,22,-204,107,153,148,41.891891891891895,-20.725995830978334
1603871700.6208556,24,97,104,148,147,42.17687074829933,10.199498041433117
1603871700.6208556,23,-55,105,146,147,42.17687074829933,-5.824942124530689
1603871700.9188917,22,-211,108,160,154,40.25974025974027,-21.373932381663405
1603871700.9188917,23,-55,107,152,154,40.25974025974027,-5.824942124530689
1603871700.9188917,24,103,106,157,154,40.25974025974027,10.815931174266511
1603871701.2485306,22,-196,108,162,157,39.490445859872615,-19.978654404768985
1603871701.2485306,23,-37,107,157,159,38.99371069182391,-3.9259978795075465
1603871701.2485306,24,128,107,166,162,38.27160493827161,13.355844454032088
1603871701.5750961,22,-216,110,171,164,37.804878048780495,-21.833268791071543
1603871701.5750961,23,-49,109,164,166,37.34939759036145,-5.1931790634241475
1603871701.5750961,24,123,107,170,167,37.125748502994014,12.851788734777642
1603871701.9187472,22,-236,112,178,172,36.04651162790698,-23.641011588162154
1603871701.9187472,24,115,109,177,173,35.83815028901735,12.041101970999687
1603871701.9187472,23,-63,111,172,174,35.63218390804598,-6.665061502275082
1603871702.2209396,23,-48,112,178,179,34.63687150837989,-5.0877578101051295
1603871702.2209396,22,-227,114,183,178,34.831460674157306,-22.833447608379913
1603871702.2209396,24,138,112,188,182,34.06593406593407,14.357601956885965
1603871702.5265913,23,-53,114,186,188,32.97872340425533,-5.614504665163061
1603871702.5265913,24,141,113,194,189,32.80423280423281,14.656418438272837
1603871702.7970872,23,-78,117,196,196,31.632653061224495,-8.232284483481385
1603871702.7970872,24,124,114,198,195,31.7948717948718,12.952764513375518
1603871703.050015,23,-72,117,201,204,30.392156862745104,-7.606749474630248
1603871703.050015,24,138,115,209,203,30.54187192118227,14.357601956885965
1603871703.3036046,23,-53,118,208,210,29.52380952380953,-5.614504665163061
1603871703.3036046,24,165,117,222,213,29.10798122065728,17.016645682135483
1603871703.555858,23,-26,120,214,217,28.571428571428577,-2.7609960568462575
1603871703.555858,24,199,121,238,224,27.678571428571434,20.25975423688004
1603871703.81233,22,-215,122,210,216,28.70370370370371,-21.741635082339087
1603871703.81233,23,0,122,221,225,27.55555555555556,0.0
1603871704.4841807,22,-176,124,216,235,26.38297872340426,-18.079355067310914
1603871704.7922027,22,-149,127,217,244,25.409836065573774,-15.449253549730287
1603871705.021528,22,-128,125,218,246,25.20325203252033,-13.355844454032088
1603871706.4188845,18,-226,129,189,254,24.40944881889764,-22.743116735138678
1603871709.9149327,6,-261,95,96,86,72.09302325581396,-25.832223007136133
1603871710.2293675,6,-241,95,95,85,72.94117647058825,-24.08541352897193
1603871710.5554233,6,-201,95,91,85,72.94117647058825,-20.44659105159719
1603871710.8072355,6,-162,94,86,83,74.6987951807229,-16.7246754916319
1603871710.8072355,5,-255,96,99,88,70.45454545454547,-25.313394061515783
1603871711.0482948,6,-137,94,85,83,74.6987951807229,-14.257818049510549
1603871711.0482948,5,-228,96,97,87,71.26436781609196,-22.923658715156016
1603871711.3455641,6,-113,94,84,84,73.80952380952382,-11.837650005357451
1603871711.3455641,5,-203,96,95,86,72.09302325581396,-20.632974678473587
1603871711.6531541,6,-95,94,83,84,73.80952380952382,-9.993481548325647
1603871711.6531541,5,-184,96,93,87,71.26436781609196,-18.84427644904627
1603871711.9938858,6,-76,93,84,85,72.94117647058825,-8.023984801010398
1603871711.9938858,5,-166,95,93,87,71.26436781609196,-17.11376786745745
1603871711.9938858,4,-262,96,104,91,68.13186813186815,-25.91825677320866
1603871712.358249,5,-147,95,93,89,69.66292134831461,-15.251599858657364
1603871712.358249,6,-57,93,84,86,72.09302325581396,-6.03522200610085
1603871712.358249,4,-243,96,102,92,67.3913043478261,-24.262318581404937
1603871712.7936294,6,-63,94,88,89,69.66292134831461,-6.665061502275082
1603871712.7936294,5,-157,96,98,93,66.66666666666667,-16.236070980753333
1603871712.7936294,4,-258,97,108,95,65.26315789473685,-25.573370599428543
1603871713.2058635,6,-40,94,90,91,68.13186813186815,-4.243202757619135
1603871713.2058635,5,-136,96,97,95,65.26315789473685,-14.157945744790373
1603871713.2058635,4,-237,98,107,96,64.58333333333334,-23.73013577082146
1603871713.5115187,6,-15,95,90,92,67.3913043478261,-1.593705304019792
1603871713.5115187,5,-110,96,96,95,65.26315789473685,-11.53190478481219
1603871713.5115187,4,-210,98,105,96,64.58333333333334,-21.281715998314297
1603871713.8953257,6,5,95,93,95,65.26315789473685,0.5313569149387267
1603871713.8953257,4,-192,98,106,98,63.26530612244899,-19.602290664374493
1603871713.8953257,5,-92,96,97,97,63.917525773195884,-9.683968218485054
1603871714.3075125,6,4,95,96,99,62.62626262626264,0.425089919132221
1603871714.3075125,5,-98,97,101,100,62.00000000000001,-10.302406758622741
1603871714.3075125,4,-203,98,111,101,61.3861386138614,-20.632974678473587
1603871714.7217505,6,17,95,100,101,61.3861386138614,1.806066883527694
1603871714.7217505,5,-88,97,102,103,60.194174757281566,-9.27039735856775
1603871714.7217505,4,-195,98,112,105,59.04761904761906,-19.884730425939498
1603871715.109959,5,-65,97,104,105,59.04761904761906,-6.874656524321
1603871715.109959,6,42,96,104,105,59.04761904761906,4.454529204005441
1603871715.109959,4,-173,99,112,106,58.49056603773586,-17.790765425423544
1603871715.4263968,5,-57,98,105,108,57.40740740740742,-6.03522200610085
1603871715.4263968,6,53,97,106,106,58.49056603773586,5.614504665163061
1603871715.9218507,4,-200,98,122,113,54.86725663716815,-20.35322914806883
1603871716.3541207,5,-91,99,118,119,52.10084033613446,-9.58066925009003
1603871716.3541207,6,30,97,115,117,52.991452991453,3.1849483278557194
1603871716.3541207,4,-214,101,129,120,51.66666666666667,-21.649884338417362
1603871716.756475,5,-76,99,121,123,50.40650406504066,-8.023984801010398
1603871716.756475,6,49,98,121,122,50.81967213114755,5.1931790634241475
1603871716.756475,4,-201,101,130,123,50.40650406504066,-20.44659105159719
1603871717.0849414,4,-209,102,136,127,48.81889763779528,-21.189383845645846
1603871717.0849414,5,-80,101,125,126,49.206349206349216,-8.440365275506633
1603871717.0849414,6,49,99,125,126,49.206349206349216,5.1931790634241475
1603871717.4297056,5,-100,102,132,132,46.969696969696976,-10.508022140232413
1603871717.4297056,6,35,100,128,130,47.6923076923077,3.714392761786679
1603871717.4297056,4,-236,104,144,132,46.969696969696976,-23.641011588162154
1603871717.7925243,5,-84,102,134,136,45.58823529411765,-8.855849682026259
1603871717.7925243,6,54,100,135,135,45.92592592592593,5.719742748496919
1603871718.1546824,4,-232,104,152,141,43.971631205673766,-23.283301354636382
1603871718.1546824,5,-88,102,140,141,43.971631205673766,-9.27039735856775
1603871718.1546824,6,57,101,139,141,43.971631205673766,6.03522200610085
1603871718.4940126,6,59,102,148,148,41.891891891891895,6.245338828597758
1603871718.4940126,4,-245,105,158,149,41.61073825503356,-24.438732622188876
1603871718.4940126,5,-94,104,148,150,41.33333333333334,-9.890374977497379
1603871718.859746,5,-103,106,157,158,39.24050632911393,-10.815931174266511
1603871718.859746,6,60,103,157,157,39.490445859872615,6.350334386893197
1603871719.1360743,5,-94,106,162,163,38.036809815950924,-9.890374977497379
1603871719.1360743,6,74,105,166,164,37.804878048780495,7.815471397254411
1603871719.4292073,5,-85,106,166,169,36.68639053254439,-8.959575995474442
1603871719.4292073,6,89,104,172,169,36.68639053254439,9.373883203052992
1603871719.7367897,5,-93,108,176,178,34.831460674157306,-9.787203664656111
1603871719.7367897,6,91,107,181,180,34.44444444444445,9.58066925009003
1603871720.0412717,5,-101,110,188,189,32.80423280423281,-10.610727614582158
1603871720.0412717,6,95,109,193,191,32.4607329842932,9.993481548325647
1603871720.308636,5,-109,112,197,198,31.31313131313132,-11.429840684630294
1603871720.308636,6,98,110,204,198,31.31313131313132,10.302406758622741
1603871720.6048346,5,-105,114,208,209,29.665071770334933,-11.02085430376855
1603871720.6048346,6,114,113,218,213,29.10798122065728,11.939414178352928
1603871720.8693507,5,-87,115,214,217,28.571428571428577,-9.16685046013392
1603871720.8693507,6,140,115,232,224,27.678571428571434,14.556902633910628
1603871721.1451204,5,-55,117,219,227,27.31277533039648,-5.824942124530689
1603871721.1451204,6,182,119,254,241,25.72614107883818,18.653686782192963
1603871721.3714192,5,-29,122,226,240,25.833333333333336,-3.078991167182793
1603871721.3714192,6,215,120,269,251,24.70119521912351,21.741635082339087
1603871721.5904987,5,-6,124,233,248,25.000000000000004,-0.6376202550928943
1603871721.9165,4,-205,124,216,238,26.05042016806723,-20.818902834126483
1603871721.9165,5,28,122,245,254,24.40944881889764,2.9730129222649775
1603871722.152072,4,-196,124,219,245,25.306122448979597,-19.978654404768985
1603871722.152072,5,46,122,256,261,23.754789272030656,4.87681235015335
1603871722.3988097,4,-185,127,224,254,24.40944881889764,-18.939409542593506
1603871722.6648276,4,-163,123,224,252,24.603174603174608,-16.822099089140682
1603871722.9029105,4,-145,122,226,255,24.31372549019608,-15.053573641452305
1603871728.0987928,19,-261,87,97,87,71.26436781609196,-25.832223007136133
1603871728.3583672,19,-232,87,95,85,72.94117647058825,-23.283301354636382
1603871728.789046,19,-188,87,91,84,73.80952380952382,-19.224157790184744
1603871729.1298764,19,-161,87,89,84,73.80952380952382,-16.6271522388117
1603871729.1298764,20,-255,89,100,89,69.66292134831461,-25.313394061515783
1603871729.4170625,19,-136,86,87,85,72.94117647058825,-14.157945744790373
1603871729.4170625,20,-229,89,99,90,68.8888888888889,-23.013749847125784
1603871729.826776,19,-117,87,87,86,72.09302325581396,-12.244246202334178
1603871730.322196,19,-92,87,87,88,70.45454545454547,-9.683968218485054
1603871730.322196,20,-185,90,97,92,67.3913043478261,-18.939409542593506
1603871730.7128413,19,-71,86,87,89,69.66292134831461,-7.502311953416964
1603871730.7128413,20,-164,89,96,93,66.66666666666667,-16.91942262152814
1603871730.7128413,21,-263,92,104,93,66.66666666666667,-26.004165161959694
1603871731.074942,19,-48,87,87,90,68.8888888888889,-5.0877578101051295
1603871731.074942,20,-141,89,96,93,66.66666666666667,-14.656418438272837
1603871731.074942,21,-239,93,102,94,65.95744680851065,-23.90801879906859
1603871731.449185,19,-28,87,89,92,67.3913043478261,-2.9730129222649775
1603871731.449185,21,-220,92,102,95,65.26315789473685,-22.198628437866404
1603871731.449185,20,-122,90,96,94,65.95744680851065,-12.75073169147278
1603871731.9489183,20,-132,91,101,100,62.00000000000001,-13.757582401273247
1603871731.9489183,19,-32,88,93,96,64.58333333333334,-3.3967965244928373
1603871731.9489183,21,-235,94,108,100,62.00000000000001,-23.551765868612073
1603871732.3899913,19,-9,89,95,98,63.26530612244899,-0.9563810345917811
1603871732.3899913,21,-215,95,109,102,60.78431372549021,-21.741635082339087
1603871732.3899913,20,-111,92,101,102,60.78431372549021,-11.633894747793091
1603871732.8051162,20,-87,92,101,104,59.61538461538463,-9.16685046013392
1603871732.8051162,19,17,89,99,102,60.78431372549021,1.806066883527694
1603871732.8051162,21,-191,95,108,104,59.61538461538463,-19.507922508578496
1603871733.1682086,19,22,89,103,105,59.04761904761906,2.3367410088134952
1603871733.1682086,21,-193,96,111,106,58.49056603773586,-19.69654824538426
1603871733.1682086,20,-85,92,104,107,57.94392523364487,-8.959575995474442
1603871733.5660806,21,-204,98,116,112,55.35714285714287,-20.725995830978334
1603871733.5660806,20,-92,94,109,112,55.35714285714287,-9.683968218485054
1603871733.5660806,19,21,91,107,110,56.363636363636374,2.2306353530719227
1603871734.0132747,21,-216,99,123,118,52.54237288135594,-21.833268791071543
1603871734.0132747,19,22,92,113,116,53.448275862068975,2.3367410088134952
1603871734.0132747,20,-97,95,116,118,52.54237288135594,-10.199498041433117
1603871734.3799973,21,-199,99,123,120,51.66666666666667,-20.25975423688004
1603871734.3799973,19,43,92,119,119,52.10084033613446,4.560147265001545
1603871734.3799973,20,-78,95,118,121,51.23966942148761,-8.232284483481385
1603871734.7322235,21,-207,100,129,125,49.60000000000001,-21.00437328468872
1603871734.7322235,19,46,93,124,124,50.00000000000001,4.87681235015335
1603871734.7322235,20,-82,96,123,126,49.206349206349216,-8.648222041878432
1603871735.087183,19,46,93,130,130,47.6923076923077,4.87681235015335
1603871735.087183,21,-219,101,135,130,47.6923076923077,-22.10746528048097
1603871735.087183,20,-88,97,129,132,46.969696969696976,-9.27039735856775
1603871735.363133,19,45,93,135,135,45.92592592592593,4.771289540584061
1603871735.363133,21,-231,101,141,136,45.58823529411765,-23.19357136790705
1603871735.363133,20,-94,97,134,137,45.25547445255475,-9.890374977497379
1603871735.6185434,20,-100,98,139,142,43.66197183098592,-10.508022140232413
1603871735.6185434,19,44,94,139,139,44.6043165467626,4.665734278244758
1603871735.6185434,21,-242,101,147,141,43.971631205673766,-24.17392734930822
1603871735.8702805,19,45,94,144,144,43.055555555555564,4.771289540584061
1603871735.8702805,20,-106,98,145,148,41.891891891891895,-11.12320925012442
1603871736.1176777,20,-106,98,150,153,40.52287581699347,-11.12320925012442
1603871736.1176777,19,49,94,150,149,41.61073825503356,5.1931790634241475
1603871736.372488,21,-246,101,157,153,40.52287581699347,-24.526755108495042
1603871736.372488,20,-93,98,153,156,39.74358974358975,-9.787203664656111
1603871736.372488,19,66,94,156,154,40.25974025974027,6.979385101571969
1603871736.6401045,20,-102,98,158,161,38.50931677018634,-10.713364155480653
1603871736.6401045,19,62,94,159,159,38.99371069182391,6.560196400571308
1603871736.879969,20,-122,99,165,165,37.57575757575758,-12.75073169147278
1603871736.879969,19,48,95,162,163,38.036809815950924,5.0877578101051295
1603871737.161474,19,53,96,169,168,36.90476190476191,5.614504665163061
1603871737.161474,20,-122,100,169,171,36.257309941520475,-12.75073169147278
1603871737.416959,19,74,96,176,175,35.42857142857143,7.815471397254411
1603871737.416959,20,-107,101,173,176,35.227272727272734,-11.225492345678969
1603871737.645376,19,68,97,180,179,34.63687150837989,7.188701044455634
1603871737.645376,20,-119,102,179,182,34.06593406593407,-12.447078301350341
1603871737.8855753,19,49,98,185,185,33.513513513513516,5.1931790634241475
1603871737.8855753,20,-144,103,190,190,32.631578947368425,-14.95442198679177
1603871738.1149049,20,-143,104,193,195,31.7948717948718,-14.855178588237854
1603871738.1149049,19,56,99,191,191,32.4607329842932,5.93010210572097
1603871738.364089,20,-115,103,195,197,31.472081218274116,-12.041101970999687
1603871738.364089,19,88,98,202,196,31.632653061224495,9.27039735856775
1603871738.6102836,20,-86,103,197,202,30.6930693069307,-9.063243130687955
1603871738.6102836,19,123,98,214,203,30.54187192118227,12.851788734777642
1603871738.8407013,20,-59,103,200,205,30.243902439024396,-6.245338828597758
1603871738.8407013,19,155,99,228,213,29.10798122065728,16.039943306049665
1603871739.0714147,21,-224,107,189,199,31.155778894472366,-22.562096537309067
1603871739.0714147,20,-26,103,205,210,29.52380952380953,-2.7609960568462575
1603871739.0714147,19,197,100,247,225,27.55555555555556,20.07246656737335
1603871739.2990932,21,-197,107,186,203,30.54187192118227,-20.07246656737335
1603871739.2990932,20,3,104,211,219,28.310502283105027,0.3188199986227441
1603871739.5463,21,-175,109,188,208,29.807692307692314,-17.983263132572862
1603871739.5463,20,32,106,220,229,27.074235807860266,3.3967965244928373
1603871739.7808437,21,-162,110,189,214,28.971962616822434,-16.7246754916319
1603871739.7808437,20,51,108,229,239,25.941422594142264,5.403915134496321
1603871740.0177612,21,-146,110,190,221,28.05429864253394,-15.152633086342712
1603871740.0177612,20,76,109,241,251,24.70119521912351,8.023984801010398
1603871740.2762625,21,-123,112,192,228,27.192982456140356,-12.851788734777642
1603871740.2762625,20,109,111,258,264,23.484848484848488,11.429840684630294
1603871740.5095515,21,-95,113,196,235,26.38297872340426,-9.993481548325647
1603871740.5095515,20,146,111,277,274,22.627737226277375,15.152633086342712
1603871740.7486343,21,-72,115,200,243,25.514403292181072,-7.606749474630248
1603871741.0072289,21,-44,116,207,253,24.505928853754945,-4.665734278244758
1603871744.1867123,13,-264,93,94,84,73.80952380952382,-26.089948061833176
1603871744.4853811,13,-220,93,89,80,77.50000000000001,-22.198628437866404
1603871744.885117,13,-187,93,87,80,77.50000000000001,-19.12935054867832
1603871745.217024,13,-169,92,86,81,76.54320987654322,-17.404525184005227
1603871745.217024,14,-260,93,98,87,71.26436781609196,-25.746063977885555
1603871745.5743165,13,-149,92,85,81,76.54320987654322,-15.449253549730287
1603871745.5743165,14,-239,94,97,86,72.09302325581396,-23.90801879906859
1603871745.961081,13,-118,91,82,81,76.54320987654322,-12.345701541512671
1603871745.961081,14,-206,93,94,85,72.94117647058825,-20.91169541023082
1603871746.3907924,13,-83,90,80,81,76.54320987654322,-8.752064820144541
1603871746.3907924,14,-169,92,92,86,72.09302325581396,-17.404525184005227
1603871746.3907924,15,-265,93,100,89,69.66292134831461,-26.17560536384905
1603871746.68558,14,-146,92,90,85,72.94117647058825,-15.152633086342712
1603871746.68558,15,-239,94,98,88,70.45454545454547,-23.90801879906859
1603871747.0520937,13,-35,90,81,82,75.60975609756099,-3.714392761786679
1603871747.0520937,14,-121,92,89,86,72.09302325581396,-12.649593914834636
1603871747.0520937,15,-213,93,97,88,70.45454545454547,-21.558016806404698
1603871747.5398197,13,-14,91,83,84,73.80952380952382,-1.4875077226255586
1603871747.5398197,14,-102,92,89,87,71.26436781609196,-10.713364155480653
1603871747.5398197,15,-195,93,97,89,69.66292134831461,-19.884730425939498
1603871747.9757195,13,-17,90,86,89,69.66292134831461,-1.806066883527694
1603871747.9757195,15,-206,93,101,93,66.66666666666667,-20.91169541023082
1603871747.9757195,14,-108,92,94,91,68.13186813186815,-11.327703014829057
1603871748.4295492,13,3,92,88,90,68.8888888888889,0.3188199986227441
1603871748.4295492,15,-189,94,102,95,65.26315789473685,-19.318855748568993
1603871748.4295492,14,-91,93,94,94,65.95744680851065,-9.58066925009003
1603871748.8342369,13,29,90,91,95,65.26315789473685,3.078991167182793
1603871748.8342369,15,-165,94,100,96,64.58333333333334,-17.016645682135483
1603871748.8342369,1,-269,93,102,98,63.26530612244899,-26.516976503255172
1603871748.8342369,14,-67,93,93,94,65.95744680851065,-7.084066830606971
1603871749.1795652,14,-46,93,94,96,64.58333333333334,-4.87681235015335
1603871749.1795652,15,-146,94,99,97,63.917525773195884,-15.152633086342712
1603871749.1795652,1,-249,94,102,97,63.917525773195884,-24.790082554948466
1603871749.6468127,14,-37,94,98,98,63.26530612244899,-3.9259978795075465
1603871749.6468127,1,-244,94,104,99,62.62626262626264,-24.350587059891964
1603871749.6468127,15,-138,95,102,100,62.00000000000001,-14.357601956885965
1603871749.6468127,13,64,92,98,100,62.00000000000001,6.769881767673709
1603871750.0922577,13,48,93,100,100,62.00000000000001,5.0877578101051295
1603871750.0922577,15,-162,95,108,103,60.194174757281566,-16.7246754916319
1603871750.0922577,14,-56,94,102,102,60.78431372549021,-5.93010210572097
1603871750.4940052,13,75,94,104,104,59.61538461538463,7.9197544899131636
1603871750.4940052,15,-141,95,108,106,58.49056603773586,-14.656418438272837
1603871750.4940052,1,-253,95,110,106,58.49056603773586,-25.139453540730653
1603871750.4940052,14,-34,94,103,105,59.04761904761906,-3.6085517773185476
1603871750.8281422,1,-235,95,108,106,58.49056603773586,-23.551765868612073
1603871750.8281422,15,-124,95,108,107,57.94392523364487,-12.952764513375518
1603871750.8281422,14,-14,94,106,108,57.40740740740742,-1.4875077226255586
1603871750.8281422,13,96,94,110,107,57.94392523364487,10.096522770898641
1603871751.2348437,1,-246,95,114,110,56.363636363636374,-24.526755108495042
1603871751.2348437,15,-131,95,112,110,56.363636363636374,-13.657275522629282
1603871751.2348437,13,96,94,113,110,56.363636363636374,10.096522770898641
1603871751.2348437,14,-18,94,109,110,56.363636363636374,-1.9122294268504203
1603871751.5412042,15,-152,95,118,115,53.913043478260875,-15.745027649154892
1603871751.5412042,14,-35,94,113,113,54.86725663716815,-3.714392761786679
1603871752.0453706,14,-39,95,120,121,51.23966942148761,-4.13749578470897
1603871752.0453706,13,85,95,122,120,51.66666666666667,8.959575995474442
1603871752.464907,15,-146,97,126,125,49.60000000000001,-15.152633086342712
1603871752.464907,13,111,96,129,128,48.43750000000001,11.633894747793091
1603871752.8502898,15,-155,99,134,132,46.969696969696976,-16.039943306049665
1603871752.8502898,14,-21,98,131,132,46.969696969696976,-2.2306353530719227
1603871752.8502898,13,115,95,137,137,45.25547445255475,12.041101970999687
1603871753.132523,15,-158,99,138,137,45.25547445255475,-16.333988693792744
1603871753.132523,14,-19,98,135,137,45.25547445255475,-2.018378836856321
1603871753.132523,13,122,96,143,141,43.971631205673766,12.75073169147278
1603871753.3560467,15,-146,100,138,138,44.92753623188406,-15.152633086342712
1603871753.3560467,13,141,98,149,143,43.35664335664336,14.656418438272837
1603871753.3560467,14,-3,99,138,140,44.28571428571429,-0.3188199986227441
1603871753.6493535,15,-151,101,143,142,43.66197183098592,-15.64653107388349
1603871753.6493535,13,145,101,152,146,42.46575342465754,15.053573641452305
1603871753.6493535,14,-5,100,143,143,43.35664335664336,-0.5313569149387267
1603871753.9289026,15,-176,102,152,149,41.61073825503356,-18.079355067310914
1603871753.9289026,13,129,100,154,151,41.05960264900663,13.456406039455286
1603871753.9289026,14,-25,101,147,149,41.61073825503356,-2.6549588769771035
1603871754.2238898,15,-178,102,155,152,40.789473684210535,-18.27122325552057
1603871754.2238898,13,137,100,160,157,39.490445859872615,14.257818049510549
1603871754.2238898,14,-21,101,152,153,40.52287581699347,-2.2306353530719227
1603871754.5089333,15,-165,103,157,156,39.74358974358975,-17.016645682135483
1603871754.5089333,14,-4,102,158,158,39.24050632911393,-0.425089919132221
1603871754.5089333,13,160,102,168,163,38.036809815950924,16.52952974363854
1603871754.76516,15,-182,103,165,162,38.27160493827161,-18.653686782192963
1603871754.76516,13,154,103,170,164,37.804878048780495,15.9417342048233
1603871754.76516,14,-16,102,162,163,38.036809815950924,-1.6998919335324794
1603871755.016665,15,-203,104,171,168,36.90476190476191,-20.632974678473587
1603871755.016665,13,143,102,174,171,36.257309941520475,14.855178588237854
1603871755.3527825,15,-194,104,176,174,35.63218390804598,-19.79069493654738
1603871755.3527825,14,-17,104,175,176,35.227272727272734,-1.806066883527694
1603871755.3527825,13,166,104,186,177,35.02824858757063,17.11376786745745
1603871755.5693352,15,-195,105,180,178,34.831460674157306,-19.884730425939498
1603871755.5693352,13,174,105,190,182,34.06593406593407,17.887066461315495
1603871755.5693352,14,-13,105,180,180,34.44444444444445,-1.3812999174368017
1603871755.8292637,15,-218,105,190,185,33.513513513513516,-22.01618412969245
1603871755.8292637,14,-29,105,186,186,33.333333333333336,-3.078991167182793
1603871755.8292637,13,164,104,193,187,33.15508021390375,16.91942262152814
1603871756.0927486,14,-41,106,193,192,32.29166666666667,-4.348880799665057
1603871756.0927486,13,159,105,198,191,32.4607329842932,16.431808422216594
1603871756.3646257,13,182,107,211,201,30.84577114427861,18.653686782192963
1603871756.3646257,14,-26,107,201,201,30.84577114427861,-2.7609960568462575
1603871756.6000586,13,198,109,222,211,29.383886255924175,20.16616661121554
1603871756.6000586,14,-20,108,209,209,29.665071770334933,-2.124514387441452
1603871756.8831992,14,-23,111,223,222,27.927927927927932,-2.4428306303611227
1603871756.8831992,13,208,110,233,224,27.678571428571434,21.096936185976894
1603871757.1539178,14,-20,113,236,236,26.27118644067797,-2.124514387441452
1603871757.4228628,14,4,114,248,249,24.8995983935743,0.425089919132221
1603871757.9785094,15,-189,116,234,254,24.40944881889764,-19.318855748568993
1603871763.163019,24,-270,92,102,90,68.8888888888889,-26.602004270640546
1603871763.4323957,24,-249,92,99,88,70.45454545454547,-24.790082554948466
1603871763.6806154,24,-226,92,97,88,70.45454545454547,-22.743116735138678
1603871763.9300187,24,-203,92,96,87,71.26436781609196,-20.632974678473587
1603871764.2093554,24,-177,92,94,87,71.26436781609196,-18.175341896811013
1603871764.509478,24,-147,91,91,87,71.26436781609196,-15.251599858657364
1603871764.509478,23,-243,93,104,93,66.66666666666667,-24.262318581404937
1603871764.7829106,24,-124,91,89,87,71.26436781609196,-12.952764513375518
1603871764.7829106,23,-218,94,102,92,67.3913043478261,-22.01618412969245
1603871765.0924513,24,-98,92,88,88,70.45454545454547,-10.302406758622741
1603871765.0924513,23,-192,94,100,92,67.3913043478261,-19.602290664374493
1603871765.4208841,24,-80,92,88,88,70.45454545454547,-8.440365275506633
1603871765.4208841,23,-174,94,99,92,67.3913043478261,-17.887066461315495
1603871765.7562823,24,-63,92,88,89,69.66292134831461,-6.665061502275082
1603871765.7562823,23,-157,93,99,93,66.66666666666667,-16.236070980753333
1603871765.7562823,22,-259,95,109,97,63.917525773195884,-25.659779802199026
1603871766.074137,24,-45,92,88,91,68.13186813186815,-4.771289540584061
1603871766.074137,22,-241,96,108,98,63.26530612244899,-24.08541352897193
1603871766.426313,24,-26,92,90,93,66.66666666666667,-2.7609960568462575
1603871766.426313,23,-121,94,98,95,65.26315789473685,-12.649593914834636
1603871766.426313,22,-223,96,108,98,63.26530612244899,-22.47140764411092
1603871766.860437,24,-1,93,92,94,65.95744680851065,-0.1062743078657994
1603871766.860437,22,-200,96,106,99,62.62626262626264,-20.35322914806883
1603871766.860437,23,-98,94,98,97,63.917525773195884,-10.302406758622741
1603871767.3534105,23,-108,94,103,101,61.3861386138614,-11.327703014829057
1603871767.3534105,24,-7,93,95,98,63.26530612244899,-0.74387920879624
1603871767.3534105,22,-214,96,112,103,60.194174757281566,-21.649884338417362
1603871767.8073688,24,-5,94,98,100,62.00000000000001,-0.5313569149387267
1603871767.8073688,23,-110,96,105,104,59.61538461538463,-11.53190478481219
1603871767.8073688,22,-219,98,115,106,58.49056603773586,-22.10746528048097
1603871768.24234,24,35,94,101,103,60.194174757281566,3.714392761786679
1603871768.24234,23,-72,96,103,105,59.04761904761906,-7.606749474630248
1603871768.24234,22,-180,97,111,107,57.94392523364487,-18.462668114186137
1603871768.616118,24,53,95,104,105,59.04761904761906,5.614504665163061
1603871768.616118,23,-56,97,106,108,57.40740740740742,-5.93010210572097
1603871768.616118,22,-166,98,113,109,56.88073394495414,-17.11376786745745
1603871769.014841,24,30,96,107,109,56.88073394495414,3.1849483278557194
1603871769.014841,22,-199,99,121,114,54.38596491228071,-20.25975423688004
1603871769.014841,23,-83,98,111,112,55.35714285714287,-8.752064820144541
1603871769.4993215,24,54,97,112,114,54.38596491228071,5.719742748496919
1603871769.4993215,22,-182,100,122,117,52.991452991453,-18.653686782192963
1603871769.4993215,23,-64,99,114,116,53.448275862068975,-6.769881767673709
1603871769.9273689,22,-161,101,123,120,51.66666666666667,-16.6271522388117
1603871769.9273689,23,-41,99,117,119,52.10084033613446,-4.348880799665057
1603871769.9273689,24,81,99,120,118,52.54237288135594,8.54432198150461
1603871770.3310149,24,78,99,122,122,50.81967213114755,8.232284483481385
1603871770.3310149,22,-173,101,129,124,50.00000000000001,-17.790765425423544
1603871770.3310149,23,-48,100,120,122,50.81967213114755,-5.0877578101051295
1603871770.6742663,23,-58,101,124,128,48.43750000000001,-6.140301141305523
1603871770.6742663,24,72,99,126,125,49.60000000000001,7.606749474630248
1603871770.6742663,22,-188,102,133,128,48.43750000000001,-19.224157790184744
1603871771.0246372,23,-43,101,129,131,47.328244274809165,-4.560147265001545
1603871771.0246372,24,92,101,132,131,47.328244274809165,9.683968218485054
1603871771.0246372,22,-175,103,135,131,47.328244274809165,-17.983263132572862
1603871771.386393,22,-185,105,143,138,44.92753623188406,-18.939409542593506
1603871771.386393,24,94,103,139,138,44.92753623188406,9.890374977497379
1603871771.8179736,22,-201,106,153,147,42.17687074829933,-20.44659105159719
1603871771.8179736,24,98,104,148,146,42.46575342465754,10.302406758622741
1603871771.8179736,23,-53,105,144,148,41.891891891891895,-5.614504665163061
1603871772.2587774,22,-208,109,161,156,39.74358974358975,-21.096936185976894
1603871772.2587774,23,-50,107,154,157,39.490445859872615,-5.298565069899935
1603871772.2587774,24,111,106,160,157,39.490445859872615,11.633894747793091
1603871772.6088617,22,-196,110,165,160,38.75000000000001,-19.978654404768985
1603871772.6088617,23,-34,108,160,162,38.27160493827161,-3.6085517773185476
1603871772.6088617,24,133,108,169,165,37.57575757575758,13.857803363474689
1603871772.9272115,22,-224,111,176,168,36.90476190476191,-22.562096537309067
1603871772.9272115,23,-55,110,166,170,36.47058823529412,-5.824942124530689
1603871772.9272115,24,120,109,172,170,36.47058823529412,12.5483759390987
1603871773.2671561,23,-62,112,175,176,35.227272727272734,-6.560196400571308
1603871773.2671561,24,120,110,181,177,35.02824858757063,12.5483759390987
1603871773.55465,22,-223,114,185,181,34.25414364640884,-22.47140764411092
1603871773.55465,23,-41,113,180,182,34.06593406593407,-4.348880799665057
1603871773.55465,24,148,112,192,185,33.513513513513516,15.350473498668093
1603871773.861342,23,-60,114,190,191,32.4607329842932,-6.350334386893197
1603871773.861342,24,137,113,196,191,32.4607329842932,14.257818049510549
1603871774.1736374,23,-71,115,198,199,31.155778894472366,-7.502311953416964
1603871774.1736374,24,133,114,205,199,31.155778894472366,13.857803363474689
1603871774.1736374,53643162,-29,41,0,6,1033.3333333333335,-3.078991167182793
1603871774.4758008,23,-57,118,206,208,29.807692307692314,-6.03522200610085
1603871774.4758008,24,159,117,219,211,29.383886255924175,16.431808422216594
1603871774.7450573,23,-39,119,212,215,28.837209302325586,-4.13749578470897
1603871774.7450573,24,184,119,231,221,28.05429864253394,18.84427644904627
1603871775.0179405,23,-14,120,220,223,27.802690582959645,-1.4875077226255586
1603871775.378896,22,-214,123,218,227,27.31277533039648,-21.649884338417362
1603871775.378896,23,11,123,233,237,26.16033755274262,1.1688565501000576
1603871775.7365994,22,-192,123,221,233,26.60944206008584,-19.602290664374493
1603871776.0819037,22,-157,123,221,239,25.941422594142264,-16.236070980753333
1603871776.3538728,22,-127,124,222,247,25.10121457489879,-13.255198990360212
1603871777.533753,18,-230,128,188,253,24.505928853754945,-23.103720798874804
1603871777.7773535,18,-219,129,190,259,23.938223938223942,-22.10746528048097
1603871781.0984619,6,-254,95,94,84,73.80952380952382,-25.226485996516757
1603871781.3786159,6,-229,95,92,84,73.80952380952382,-23.013749847125784
1603871781.72822,6,-192,95,89,84,73.80952380952382,-19.602290664374493
1603871782.0346534,6,-150,94,86,82,75.60975609756099,-15.547939558288776
1603871782.0346534,5,-240,95,97,87,71.26436781609196,-23.996777288565738
1603871782.360044,6,-131,94,83,83,74.6987951807229,-13.657275522629282
1603871782.360044,5,-220,96,97,86,72.09302325581396,-22.198628437866404
1603871782.360044,12,39,110,58,161,38.50931677018634,4.13749578470897
1603871782.776451,6,-107,94,84,84,73.80952380952382,-11.225492345678969
1603871782.776451,5,-197,95,95,87,71.26436781609196,-20.07246656737335
1603871782.776451,12,69,112,68,171,36.257309941520475,7.293287078020637
1603871783.176116,6,-78,94,83,84,73.80952380952382,-8.232284483481385
1603871783.176116,5,-167,95,93,87,71.26436781609196,-17.210788777144447
1603871783.176116,4,-263,96,102,91,68.13186813186815,-26.004165161959694
1603871783.514794,6,-53,93,84,85,72.94117647058825,-5.614504665163061
1603871783.514794,5,-142,95,91,88,70.45454545454547,-14.755843914731853
1603871783.514794,4,-237,97,101,90,68.8888888888889,-23.73013577082146
1603871783.9354098,5,-114,95,90,88,70.45454545454547,-11.939414178352928
1603871783.9354098,4,-209,96,99,90,68.8888888888889,-21.189383845645846
1603871784.364164,6,-25,94,87,88,70.45454545454547,-2.6549588769771035
1603871784.364164,5,-116,95,94,91,68.13186813186815,-12.142712829376121
1603871784.364164,4,-213,96,103,93,66.66666666666667,-21.558016806404698
1603871784.8175702,6,-34,94,90,92,67.3913043478261,-3.6085517773185476
1603871784.8175702,5,-130,95,97,93,66.66666666666667,-13.55688323266358
1603871784.8175702,4,-231,96,107,97,63.917525773195884,-23.19357136790705
1603871785.202822,5,-109,96,97,95,65.26315789473685,-11.429840684630294
1603871785.202822,4,-209,97,106,97,63.917525773195884,-21.189383845645846
1603871785.6578302,5,-90,97,98,98,63.26530612244899,-9.477307372980938
1603871785.6578302,6,9,95,94,97,63.917525773195884,0.9563810345917811
1603871785.6578302,4,-192,98,108,99,62.62626262626264,-19.602290664374493
1603871786.0955467,5,-117,97,105,102,60.78431372549021,-12.244246202334178
1603871786.0955467,6,-14,95,97,99,62.62626262626264,-1.4875077226255586
1603871786.0955467,4,-225,99,115,104,59.61538461538463,-22.65266630670857
1603871786.5060663,6,3,96,101,102,60.78431372549021,0.3188199986227441
1603871786.5060663,5,-103,98,105,105,59.04761904761906,-10.815931174266511
1603871786.5060663,4,-212,100,116,106,58.49056603773586,-21.466032736430833
1603871786.9160645,5,-78,98,106,107,57.94392523364487,-8.232284483481385
1603871786.9160645,6,30,97,104,105,59.04761904761906,3.1849483278557194
1603871786.9160645,4,-188,100,114,108,57.40740740740742,-19.224157790184744
1603871787.2888823,6,36,97,108,109,56.88073394495414,3.8202083666617566
1603871787.2888823,4,-188,101,118,113,54.86725663716815,-19.224157790184744
1603871787.2888823,5,-76,99,108,110,56.363636363636374,-8.023984801010398
1603871787.706084,6,19,97,110,112,55.35714285714287,2.018378836856321
1603871787.706084,4,-215,100,124,115,53.913043478260875,-21.741635082339087
1603871787.706084,5,-97,99,114,114,54.38596491228071,-10.199498041433117
1603871788.1127694,5,-75,98,115,117,52.991452991453,-7.9197544899131636
1603871788.1127694,6,45,97,115,116,53.448275862068975,4.771289540584061
1603871788.6176414,6,44,98,121,122,50.81967213114755,4.665734278244758
1603871788.6176414,4,-210,101,133,124,50.00000000000001,-21.281715998314297
1603871788.6176414,5,-83,100,123,124,50.00000000000001,-8.752064820144541
1603871789.0103354,6,44,99,128,130,47.6923076923077,4.665734278244758
1603871789.0103354,5,-91,100,131,131,47.328244274809165,-9.58066925009003
1603871789.0103354,4,-225,102,141,132,46.969696969696976,-22.65266630670857
1603871789.3386562,6,49,100,135,134,46.268656716417915,5.1931790634241475
1603871789.3386562,4,-230,103,146,136,45.58823529411765,-23.103720798874804
1603871789.3386562,5,-91,102,135,136,45.58823529411765,-9.58066925009003
1603871789.6692362,6,65,101,140,139,44.6043165467626,6.874656524321
1603871789.6692362,4,-222,104,149,140,44.28571428571429,-22.380599847244042
1603871789.6692362,5,-80,102,139,140,44.28571428571429,-8.440365275506633
1603871790.000122,5,-86,103,145,147,42.17687074829933,-9.063243130687955
1603871790.000122,6,65,102,147,147,42.17687074829933,6.874656524321
1603871790.000122,4,-236,105,157,147,42.17687074829933,-23.641011588162154
1603871790.3468335,5,-94,105,155,157,39.490445859872615,-9.890374977497379
1603871790.3468335,6,67,104,155,156,39.74358974358975,7.084066830606971
1603871790.629512,5,-99,107,162,164,37.804878048780495,-10.40524832365576
1603871790.629512,6,69,105,163,164,37.804878048780495,7.293287078020637
1603871790.9118576,5,-88,108,167,170,36.47058823529412,-9.27039735856775
1603871790.9118576,6,87,107,173,172,36.04651162790698,9.16685046013392
1603871791.1760347,5,-76,108,172,174,35.63218390804598,-8.023984801010398
1603871791.1760347,6,104,107,180,178,34.831460674157306,10.918428084857842
1603871791.438311,5,-82,108,180,181,34.25414364640884,-8.648222041878432
1603871791.438311,6,106,108,189,186,33.333333333333336,11.12320925012442
1603871791.7050567,5,-88,110,190,192,32.29166666666667,-9.27039735856775
1603871791.7050567,6,111,110,199,196,31.632653061224495,11.633894747793091
1603871791.975848,5,-95,113,202,204,30.392156862745104,-9.993481548325647
1603871791.975848,6,117,112,212,208,29.807692307692314,12.244246202334178
1603871792.283609,5,-100,115,215,216,28.70370370370371,-10.508022140232413
1603871792.283609,6,127,115,228,222,27.927927927927932,13.255198990360212
1603871792.542412,5,-83,117,222,226,27.433628318584073,-8.752064820144541
1603871792.542412,6,153,117,244,235,26.38297872340426,15.843428839849183
1603871792.7892494,5,-64,121,229,241,25.72614107883818,-6.769881767673709
1603871792.7892494,6,181,118,258,245,25.306122448979597,18.558230898863858
1603871793.0768805,5,-35,123,236,251,24.70119521912351,-3.714392761786679
1603871793.4092681,4,-217,123,217,238,26.05042016806723,-21.92478522054117
1603871793.4092681,5,19,128,247,269,23.048327137546472,2.018378836856321
1603871793.6709936,4,-181,124,216,245,25.306122448979597,-18.558230898863858
1603871793.6709936,5,60,123,256,264,23.484848484848488,6.350334386893197
1603871793.9506454,4,-167,127,220,256,24.218750000000004,-17.210788777144447
1603871794.254408,4,-149,121,225,253,24.505928853754945,-15.449253549730287
1603871796.9865696,29,-230,120,123,226,27.433628318584073,-23.103720798874804
1603871799.5597498,19,-249,88,96,86,72.09302325581396,-24.790082554948466
1603871799.7976284,19,-219,88,92,84,73.80952380952382,-22.10746528048097
1603871800.1657534,19,-186,87,90,85,72.94117647058825,-19.034434354835188
1603871800.570215,19,-152,87,87,84,73.80952380952382,-15.745027649154892
1603871800.570215,20,-245,89,99,89,69.66292134831461,-24.438732622188876
1603871800.882798,19,-130,86,86,85,72.94117647058825,-13.55688323266358
1603871801.381195,20,-188,89,96,89,69.66292134831461,-19.224157790184744
1603871801.381195,19,-97,86,86,86,72.09302325581396,-10.199498041433117
1603871801.8223927,19,-69,86,86,87,71.26436781609196,-7.293287078020637
1603871801.8223927,20,-161,89,95,91,68.13186813186815,-16.6271522388117
1603871801.8223927,21,-258,92,102,92,67.3913043478261,-25.573370599428543
1603871802.17376,19,-48,87,87,88,70.45454545454547,-5.0877578101051295
1603871802.17376,20,-140,89,93,91,68.13186813186815,-14.556902633910628
1603871802.6179898,19,-19,87,88,90,68.8888888888889,-2.018378836856321
1603871802.6179898,20,-113,89,93,93,66.66666666666667,-11.837650005357451
1603871802.6179898,21,-209,92,99,93,66.66666666666667,-21.189383845645846
1603871803.109771,20,-138,90,100,97,63.917525773195884,-14.357601956885965
1603871803.109771,19,-41,87,92,93,66.66666666666667,-4.348880799665057
1603871803.109771,21,-240,93,108,97,63.917525773195884,-23.996777288565738
1603871803.5095847,19,-29,88,93,96,64.58333333333334,-3.078991167182793
1603871803.5095847,20,-128,90,100,99,62.62626262626264,-13.355844454032088
1603871803.5095847,21,-231,94,108,100,62.00000000000001,-23.19357136790705
1603871803.8657758,19,-9,88,95,97,63.917525773195884,-0.9563810345917811
1603871803.8657758,20,-110,91,100,100,62.00000000000001,-11.53190478481219
1603871803.8657758,21,-213,94,107,101,61.3861386138614,-21.558016806404698
1603871804.3282757,20,-97,93,102,104,59.61538461538463,-10.199498041433117
1603871804.3282757,21,-203,96,109,104,59.61538461538463,-20.632974678473587
1603871804.8900971,19,13,90,105,107,57.94392523364487,1.3812999174368017
1603871804.8900971,21,-207,97,114,109,56.88073394495414,-21.00437328468872
1603871804.8900971,20,-97,94,107,110,56.363636363636374,-10.199498041433117
1603871805.3267186,19,34,91,108,110,56.363636363636374,3.6085517773185476
1603871805.3267186,20,-78,94,108,111,55.855855855855864,-8.232284483481385
1603871805.7683218,21,-189,98,114,110,56.363636363636374,-19.318855748568993
1603871805.7683218,19,33,91,109,110,56.363636363636374,3.502686126728226
1603871805.7683218,20,-78,94,108,110,56.363636363636374,-8.232284483481385
1603871806.2236052,19,34,91,108,110,56.363636363636374,3.6085517773185476
1603871806.2236052,21,-189,98,114,110,56.363636363636374,-19.318855748568993
1603871806.2236052,20,-78,94,108,111,55.855855855855864,-8.232284483481385
1603871806.6168756,19,34,91,108,110,56.363636363636374,3.6085517773185476
1603871806.6168756,21,-189,98,114,110,56.363636363636374,-19.318855748568993
1603871806.6168756,20,-78,94,108,111,55.855855855855864,-8.232284483481385
1603871807.0101326,21,-189,98,114,110,56.363636363636374,-19.318855748568993
1603871807.0101326,19,34,91,108,110,56.363636363636374,3.6085517773185476
1603871807.0101326,20,-78,94,108,111,55.855855855855864,-8.232284483481385
1603871807.4175928,21,-189,98,114,110,56.363636363636374,-19.318855748568993
1603871807.4175928,19,34,91,108,110,56.363636363636374,3.6085517773185476
1603871807.4175928,20,-78,94,108,111,55.855855855855864,-8.232284483481385
1603871807.8054333,21,-189,98,114,110,56.363636363636374,-19.318855748568993
1603871807.8054333,19,34,91,108,110,56.363636363636374,3.6085517773185476
1603871807.8054333,20,-78,94,108,111,55.855855855855864,-8.232284483481385
1603871808.1933274,21,-189,98,114,110,56.363636363636374,-19.318855748568993
1603871808.1933274,19,34,91,108,110,56.363636363636374,3.6085517773185476
1603871808.1933274,20,-78,94,108,111,55.855855855855864,-8.232284483481385
1603871808.6230807,21,-189,97,114,111,55.855855855855864,-19.318855748568993
1603871808.6230807,19,33,91,109,110,56.363636363636374,3.502686126728226
1603871808.6230807,20,-78,94,108,111,55.855855855855864,-8.232284483481385
1603871809.0351107,21,-189,98,114,110,56.363636363636374,-19.318855748568993
1603871809.0351107,19,34,91,108,110,56.363636363636374,3.6085517773185476
1603871809.0351107,20,-78,94,108,110,56.363636363636374,-8.232284483481385
1603871809.4751987,21,-189,98,114,110,56.363636363636374,-19.318855748568993
1603871809.4751987,19,34,91,108,110,56.363636363636374,3.6085517773185476
1603871809.4751987,20,-78,94,108,111,55.855855855855864,-8.232284483481385
1603871809.8688745,21,-190,98,113,110,56.363636363636374,-19.413444096195985
1603871809.8688745,19,33,91,109,109,56.88073394495414,3.502686126728226
1603871809.8688745,20,-78,94,108,111,55.855855855855864,-8.232284483481385
1603871810.296629,19,34,91,108,110,56.363636363636374,3.6085517773185476
1603871810.296629,21,-189,98,114,110,56.363636363636374,-19.318855748568993
1603871810.296629,20,-78,94,108,110,56.363636363636374,-8.232284483481385
1603871810.6926463,21,-189,98,114,110,56.363636363636374,-19.318855748568993
1603871810.6926463,19,34,91,108,110,56.363636363636374,3.6085517773185476
1603871810.6926463,20,-78,94,108,111,55.855855855855864,-8.232284483481385
1603871811.0545518,19,34,91,108,110,56.363636363636374,3.6085517773185476
1603871811.0545518,20,-78,94,108,111,55.855855855855864,-8.232284483481385
1603871811.5015457,21,-189,97,114,111,55.855855855855864,-19.318855748568993
1603871811.5015457,19,33,91,109,110,56.363636363636374,3.502686126728226
1603871811.5015457,20,-78,94,108,110,56.363636363636374,-8.232284483481385
1603871811.865515,21,-189,97,114,111,55.855855855855864,-19.318855748568993
1603871811.865515,19,34,91,108,110,56.363636363636374,3.6085517773185476
1603871811.865515,20,-78,94,108,111,55.855855855855864,-8.232284483481385
1603871812.2976248,21,-189,97,114,111,55.855855855855864,-19.318855748568993
1603871812.2976248,19,34,91,108,110,56.363636363636374,3.6085517773185476
1603871812.2976248,20,-79,94,109,111,55.855855855855864,-8.336352562554062
1603871812.6702657,21,-189,98,114,110,56.363636363636374,-19.318855748568993
1603871812.6702657,19,33,91,109,110,56.363636363636374,3.502686126728226
1603871812.6702657,20,-78,94,108,111,55.855855855855864,-8.232284483481385
1603871813.0562735,21,-189,97,114,111,55.855855855855864,-19.318855748568993
1603871813.0562735,19,34,91,108,110,56.363636363636374,3.6085517773185476
1603871813.0562735,20,-78,94,108,111,55.855855855855864,-8.232284483481385
1603871813.4210634,19,34,91,108,110,56.363636363636374,3.6085517773185476
1603871813.4210634,21,-189,98,114,110,56.363636363636374,-19.318855748568993
1603871813.4210634,20,-78,94,108,111,55.855855855855864,-8.232284483481385
1603871813.8487737,21,-189,98,114,110,56.363636363636374,-19.318855748568993
1603871813.8487737,19,34,91,108,110,56.363636363636374,3.6085517773185476
1603871813.8487737,20,-78,94,108,111,55.855855855855864,-8.232284483481385
1603871814.268754,21,-189,97,114,111,55.855855855855864,-19.318855748568993
1603871814.268754,19,34,91,108,110,56.363636363636374,3.6085517773185476
1603871814.268754,20,-78,94,108,111,55.855855855855864,-8.232284483481385
1603871814.6620283,19,34,91,108,110,56.363636363636374,3.6085517773185476
1603871814.6620283,20,-78,94,108,111,55.855855855855864,-8.232284483481385
1603871815.060017,19,34,91,108,110,56.363636363636374,3.6085517773185476
1603871815.060017,21,-189,98,114,110,56.363636363636374,-19.318855748568993
1603871815.060017,20,-78,94,108,111,55.855855855855864,-8.232284483481385
1603871815.4236653,21,-189,97,114,111,55.855855855855864,-19.318855748568993
1603871815.4236653,19,34,91,108,110,56.363636363636374,3.6085517773185476
1603871815.4236653,20,-78,94,108,111,55.855855855855864,-8.232284483481385
